scene,eye,gpu_every,repeats,cpu_ms,gpu_ms,cpu_min_ms,cpu_max_mean_ms,worst_cpu_ms,worst_gpu_ms,gpu_samples,measured_frames,counts
decals_4096,2048,16,3,1.089,1.089,1.066,1.106,4.655,1.852,225,3600,"traces 68/70, hull traces 101/138, draw calls 313/346, alias models 152/154, box3d bodies 145/145, box3d awake 29/29, box3d contacts 9/9, edicts 324/324, allocations 3/504"
decals_4096_stream,2048,16,3,1.086,1.088,1.078,1.124,4.691,1.672,225,3600,"traces 69/72, hull traces 113/183, draw calls 313/348, alias models 152/154, box3d bodies 145/145, box3d awake 29/29, box3d contacts 9/9, edicts 324/324, allocations 3/507"
decals_4096_stream_mesh,2048,16,3,0.91,0.929,0.901,0.924,3.775,1.488,225,3600,"traces 69/72, hull traces 113/175, draw calls 315/350, alias models 152/154, box3d bodies 145/145, box3d awake 29/29, box3d contacts 9/9, edicts 324/324, allocations 3/511"
decals_4096_stream_nonretro,2048,16,3,1.055,1.062,1.055,1.074,4.249,1.586,225,3600,"traces 69/72, hull traces 113/182, draw calls 313/348, alias models 152/154, box3d bodies 145/145, box3d awake 29/29, box3d contacts 9/9, edicts 324/324, allocations 3/507"
decals_blood_4096,2048,16,3,1.473,1.485,1.472,1.476,6.076,1.946,225,3600,"traces 68/92, hull traces 101/130, draw calls 312/346, alias models 151/153, box3d bodies 145/145, box3d awake 29/30, box3d contacts 9/10, edicts 260/260, allocations 4/506"
decals_blood_4096_stream,2048,16,3,7.131,1.523,7.074,7.166,34.741,2.154,225,3600,"traces 68/70, hull traces 101/127, draw calls 312/344, alias models 151/153, box3d bodies 145/145, box3d awake 29/29, box3d contacts 9/9, edicts 260/260, allocations 3/22"
decals_blood_4096_stream_mesh,2048,16,3,14.182,13.996,13.992,14.33,56.58,18.898,225,3600,"traces 68/70, hull traces 101/118, draw calls 314/346, alias models 151/153, box3d bodies 145/145, box3d awake 29/29, box3d contacts 9/9, edicts 260/260, allocations 3/22"
decals_blood_4096_stream_nonretro,2048,16,3,7.013,1.317,6.979,7.074,33.058,1.907,225,3600,"traces 68/70, hull traces 101/127, draw calls 312/345, alias models 151/153, box3d bodies 145/145, box3d awake 29/29, box3d contacts 9/9, edicts 260/260, allocations 3/22"
decals_stream,2048,16,3,1.08,1.093,1.064,1.123,6.758,2.001,225,3600,"traces 69/72, hull traces 113/190, draw calls 312/346, alias models 151/154, box3d bodies 145/145, box3d awake 29/29, box3d contacts 9/9, edicts 324/324, allocations 4/508"
idle,2048,16,3,0.832,0.849,0.829,0.849,3.914,1.333,225,3600,"traces 69/92, hull traces 101/131, draw calls 312/345, alias models 151/153, box3d bodies 145/145, box3d awake 29/32, box3d contacts 9/13, edicts 260/260, allocations 4/510"
particles,2048,16,3,13.502,13.373,13.438,14.507,58.737,18.964,225,3600,"traces 68/70, hull traces 101/121, draw calls 311/344, alias models 151/153, box3d bodies 145/145, box3d awake 29/29, box3d contacts 9/9, edicts 260/260, allocations 3/22"
particles_hard,2048,16,3,13.072,13.035,13.05,13.164,54.383,17.102,225,3600,"traces 68/70, hull traces 101/124, draw calls 312/344, alias models 151/153, box3d bodies 145/145, box3d awake 29/29, box3d contacts 9/9, edicts 260/260, allocations 3/22"
particles_hard_palette_off,2048,16,3,11.406,11.31,11.267,11.407,45.503,15.489,225,3600,"traces 68/70, hull traces 101/116, draw calls 312/344, alias models 151/153, box3d bodies 145/145, box3d awake 29/29, box3d contacts 9/9, edicts 260/260, allocations 3/24"
particles_palette_off,2048,16,3,12.131,12.014,11.983,12.195,49.228,17.556,225,3600,"traces 68/70, hull traces 101/129, draw calls 311/344, alias models 151/153, box3d bodies 145/145, box3d awake 29/29, box3d contacts 9/9, edicts 260/260, allocations 3/22"
particles_snap_off,2048,16,3,11.394,11.279,11.37,12.214,158.866,15.59,225,3599,"traces 68/70, hull traces 101/124, draw calls 311/344, alias models 151/153, box3d bodies 145/145, box3d awake 29/29, box3d contacts 9/9, edicts 260/260, allocations 3/22"
props_active,2048,16,3,2.656,1.328,2.55,4.756,229.36,15.286,222,3509,"traces 132/1355, hull traces 326/9899, draw calls 727/780, alias models 1095/1180, box3d bodies 668/682, box3d awake 184/569, box3d contacts 313/968, edicts 787/956, allocations 4/532"
props_active_100,2048,16,3,1.082,0.941,1.062,1.085,114.835,2.104,219,3510,"traces 82/394, hull traces 146/923, draw calls 344/439, alias models 252/415, box3d bodies 264/278, box3d awake 48/166, box3d contacts 30/177, edicts 379/433, allocations 4/515"
props_active_1000,2048,16,3,3.894,1.494,3.879,3.906,13.625,2.975,222,3510,"traces 174/1276, hull traces 596/20186, draw calls 1082/1160, alias models 1955/2099, box3d bodies 1185/1194, box3d awake 241/1081, box3d contacts 405/1764, edicts 1303/1422, allocations 4/542"
props_settled,2048,16,3,1.691,1.343,1.659,1.797,6.367,2.762,225,3600,"traces 82/590, hull traces 175/9899, draw calls 738/771, alias models 1134/1137, box3d bodies 645/645, box3d awake 52/532, box3d contacts 44/854, edicts 760/760, allocations 3/509"
props_settled_100,2048,16,3,0.993,1.028,0.992,0.993,7.705,1.804,225,3600,"traces 71/267, hull traces 108/923, draw calls 400/433, alias models 351/354, box3d bodies 245/245, box3d awake 34/132, box3d contacts 16/174, edicts 360/360, allocations 3/519"
props_settled_1000,2048,16,3,2.6,1.474,2.578,2.601,6.028,2.767,225,3600,"traces 70/240, hull traces 103/270, draw calls 1122/1155, alias models 2024/2027, box3d bodies 1145/1145, box3d awake 48/64, box3d contacts 44/69, edicts 1260/1260, allocations 3/519"
